序号,类目,爆款商品名称,月销量,价格,店铺,商品链接,设计分析要点
1,女装,波司登新款轻薄排骨羽绒服女士圆领可变内胆短款便携90绒,60000+,¥269,波司登官方旗舰店,https://item.taobao.com/item.htm?id=【在此粘贴商品ID】,1. 主图设计：纯色背景+模特展示 2. 详情页布局：卖点前置+场景展示 3. 视觉风格：简约高级感
2,女装,坦博尔秋冬季爆款轻薄羽绒服女装短款保暖高品质外套,10000+,¥323,坦博尔官方旗舰店,https://item.taobao.com/item.htm?id=【在此粘贴商品ID】,1. 主图设计：多角度展示 2. 详情页：材质细节放大 3. 配色：高级灰+亮色点缀
3,女装,鸭鸭轻薄羽绒服马甲女短款冬季立领爆款时尚韩版,10000+,¥99,鸭鸭官方旗舰店,https://item.taobao.com/item.htm?id=【在此粘贴商品ID】,1. 主图：场景化展示 2. 详情：功能卖点突出 3. 设计：韩系简约风
4,美食,七点谷力空气蛋糕云朵蛋糕学生营养早餐面包,10000+,¥19.8,七点谷力食品旗舰店,https://item.taobao.com/item.htm?id=【在此粘贴商品ID】,1. 主图：食欲感拍摄 2. 详情：成分展示+食用场景 3. 设计：清新健康风
5,美食,爆浆奶油夹心泡芙糕点面包网红爆款蛋糕甜品,20000+,¥7.48,洋美喧食品专营店,https://item.taobao.com/item.htm?id=【在此粘贴商品ID】,1. 主图：爆浆效果特写 2. 详情：口感描述+用户评价 3. 设计：诱人美食风
6,美妆,万本多维防晒乳SPF50+ PA++++,120万+,¥89,万本官方旗舰店,https://item.taobao.com/item.htm?id=【在此粘贴商品ID】,1. 主图：产品+效果对比 2. 详情：成分解析+测试数据 3. 设计：专业科技感
7,家居,ins风家居装饰摆件网红爆款客厅装饰,5000+,¥135,ins家居旗舰店,https://item.taobao.com/item.htm?id=【在此粘贴商品ID】,1. 主图：场景化布置 2. 详情：搭配建议+尺寸图 3. 设计：简约ins风
8,数码,黑科技智能手表运动健康监测,80000+,¥150,数码旗舰店,https://item.taobao.com/item.htm?id=【在此粘贴商品ID】,1. 主图：功能演示 2. 详情：参数对比+使用场景 3. 设计：科技感+简约
9,母婴,宝宝好物推荐婴儿用品套装,20000+,¥301,母婴旗舰店,https://item.taobao.com/item.htm?id=【在此粘贴商品ID】,1. 主图：温馨亲子场景 2. 详情：安全认证+材质说明 3. 设计：温暖亲和风
10,户外,露营装备全套户外用品,30000+,¥179,户外装备旗舰店,https://item.taobao.com/item.htm?id=【在此粘贴商品ID】,1. 主图：户外实拍 2. 详情：功能分解+使用教程 3. 设计：硬朗户外风

【如何获取真实商品链接】
1. 打开淘宝APP或网站
2. 搜索对应的"爆款商品名称"
3. 按销量排序，找到对应的商品
4. 点击进入商品详情页
5. 复制浏览器地址栏中的链接（格式：https://item.taobao.com/item.htm?id=1234567890）
6. 粘贴到"商品链接"列中

【设计分析模板】
点击链接后，分析以下要素：
✅ 主图设计：构图、色彩、产品展示角度
✅ 详情页布局：信息层级、卖点展示顺序
✅ 视觉风格：字体、配色、图标使用
✅ 营销文案：标题策略、痛点解决方式
✅ 信任建立：评价展示、销量证明、认证标识
✅ 行动引导：购买按钮、优惠信息、客服入口

【重点观察】
1. 爆款商品的"第一眼吸引力"是什么？
2. 如何在前3屏抓住用户注意力？
3. 视觉设计如何支持产品卖点？
4. 哪些设计元素可以借鉴到佛手光详情页？