序号,类目,产品名称,热度指数,参考价格,搜索词,商品链接,备注
1,女装,女装 热搜单品 爆款,27205,76,春季新款,在此粘贴真实商品链接,如何获取链接：1.淘宝搜索商品 2.进入商品详情页 3.复制浏览器地址栏URL
2,美食,美食 热搜单品 必买,53764,265,网红零食,在此粘贴真实商品链接,
3,数码,数码 热搜单品 推荐,78888,150,黑科技,在此粘贴真实商品链接,
4,家居,家居 热搜单品 必买,67839,135,ins风,在此粘贴真实商品链接,
5,美妆,美妆 热搜单品 爆款,63860,232,平价好物,在此粘贴真实商品链接,
6,男装,男装 热搜单品 爆款,26211,147,商务休闲,在此粘贴真实商品链接,
7,母婴,母婴 热搜单品 推荐,21178,301,宝宝好物,在此粘贴真实商品链接,
8,户外,户外 热搜单品 种草,32079,179,露营装备,在此粘贴真实商品链接,
9,宠物,宠物 热搜单品 必买,64884,264,猫奴必备,在此粘贴真实商品链接,
10,文具,文具 热搜单品 爆款,5153,385,学习好物,在此粘贴真实商品链接,

【使用说明】
1. 打开淘宝网站，搜索对应的"搜索词"
2. 找到销量高、设计好的商品，点击进入详情页
3. 复制浏览器地址栏中的完整URL
4. 粘贴到对应的"商品链接"列中
5. 保存文件后，在Excel中可以直接点击链接跳转

【设计分析要点】
- 主图设计：构图、色彩、产品展示角度
- 详情页布局：信息层级、卖点展示方式
- 视觉风格：字体、配色、图标使用
- 营销文案：标题、卖点描述、痛点解决